VerifyPIN/VerifyPIN_7_HB+FTL+INL+DPTC+DT+SC/bin/verifypin_7,je_at_0x1012_from_0x1016_to_0x1056,00010203040506070809,badf00dbadc0ffee,b'',b'',-11,False
VerifyPIN/VerifyPIN_7_HB+FTL+INL+DPTC+DT+SC/bin/verifypin_7,je_at_0x1012_from_0x1016_to_0x1036,00010203040506070809,badf00dbadc0ffee,b'',b'',-11,False
VerifyPIN/VerifyPIN_7_HB+FTL+INL+DPTC+DT+SC/bin/verifypin_7,je_at_0x1012_from_0x1016_to_0x1006,00010203040506070809,badf00dbadc0ffee,b'',b'',-11,False
VerifyPIN/VerifyPIN_7_HB+FTL+INL+DPTC+DT+SC/bin/verifypin_7,je_at_0x1012_from_0x1016_to_0x101e,00010203040506070809,badf00dbadc0ffee,b'',b'',-11,False
VerifyPIN/VerifyPIN_7_HB+FTL+INL+DPTC+DT+SC/bin/verifypin_7,je_at_0x1012_from_0x1016_to_0x1012,00010203040506070809,badf00dbadc0ffee,b'',b'',-9,True
VerifyPIN/VerifyPIN_7_HB+FTL+INL+DPTC+DT+SC/bin/verifypin_7,je_at_0x1012_from_0x1016_to_0x1014,00010203040506070809,badf00dbadc0ffee,b'',b'',-11,False
VerifyPIN/VerifyPIN_7_HB+FTL+INL+DPTC+DT+SC/bin/verifypin_7,je_at_0x1012_from_0x1016_to_0x1017,00010203040506070809,badf00dbadc0ffee,b'',b'',-11,False
VerifyPIN/VerifyPIN_7_HB+FTL+INL+DPTC+DT+SC/bin/verifypin_7,jmp_at_0x103b_from_0x1020_to_0x3020,00010203040506070809,badf00dbadc0ffee,b'',b'',-11,False
VerifyPIN/VerifyPIN_7_HB+FTL+INL+DPTC+DT+SC/bin/verifypin_7,jmp_at_0x103b_from_0x1020_to_0x20,00010203040506070809,badf00dbadc0ffee,b'',b'',-11,False
VerifyPIN/VerifyPIN_7_HB+FTL+INL+DPTC+DT+SC/bin/verifypin_7,jmp_at_0x103b_from_0x1020_to_0x1820,00010203040506070809,badf00dbadc0ffee,b'',b'',-11,False
VerifyPIN/VerifyPIN_7_HB+FTL+INL+DPTC+DT+SC/bin/verifypin_7,jmp_at_0x103b_from_0x1020_to_0x1420,00010203040506070809,badf00dbadc0ffee,b'',b'',-11,False
VerifyPIN/VerifyPIN_7_HB+FTL+INL+DPTC+DT+SC/bin/verifypin_7,jmp_at_0x103b_from_0x1020_to_0x1220,00010203040506070809,badf00dbadc0ffee,b'',b'',0,False
VerifyPIN/VerifyPIN_7_HB+FTL+INL+DPTC+DT+SC/bin/verifypin_7,jmp_at_0x103b_from_0x1020_to_0x1120,00010203040506070809,badf00dbadc0ffee,b'',b'',-11,False
VerifyPIN/VerifyPIN_7_HB+FTL+INL+DPTC+DT+SC/bin/verifypin_7,jmp_at_0x103b_from_0x1020_to_0x10a0,00010203040506070809,badf00dbadc0ffee,b'',b'',-11,False
VerifyPIN/VerifyPIN_7_HB+FTL+INL+DPTC+DT+SC/bin/verifypin_7,jmp_at_0x103b_from_0x1020_to_0x1060,00010203040506070809,badf00dbadc0ffee,b'',b'',-11,False
VerifyPIN/VerifyPIN_7_HB+FTL+INL+DPTC+DT+SC/bin/verifypin_7,jmp_at_0x103b_from_0x1020_to_0x1000,00010203040506070809,badf00dbadc0ffee,b'',b'',-11,False
VerifyPIN/VerifyPIN_7_HB+FTL+INL+DPTC+DT+SC/bin/verifypin_7,jmp_at_0x103b_from_0x1020_to_0x1030,00010203040506070809,badf00dbadc0ffee,b'',b'',-11,False
VerifyPIN/VerifyPIN_7_HB+FTL+INL+DPTC+DT+SC/bin/verifypin_7,jmp_at_0x103b_from_0x1020_to_0x1028,00010203040506070809,badf00dbadc0ffee,b'',b'',-5,False
VerifyPIN/VerifyPIN_7_HB+FTL+INL+DPTC+DT+SC/bin/verifypin_7,jmp_at_0x103b_from_0x1020_to_0x1024,00010203040506070809,badf00dbadc0ffee,b'',b'',-11,False
VerifyPIN/VerifyPIN_7_HB+FTL+INL+DPTC+DT+SC/bin/verifypin_7,jmp_at_0x103b_from_0x1020_to_0x1022,00010203040506070809,badf00dbadc0ffee,b'',b'',-11,False
VerifyPIN/VerifyPIN_7_HB+FTL+INL+DPTC+DT+SC/bin/verifypin_7,jmp_at_0x103b_from_0x1020_to_0x1021,00010203040506070809,badf00dbadc0ffee,b'',b'',-11,False
VerifyPIN/VerifyPIN_7_HB+FTL+INL+DPTC+DT+SC/bin/verifypin_7,je_at_0x1081_from_0x1098_to_0x1018,00010203040506070809,badf00dbadc0ffee,b'',b'',-4,False
VerifyPIN/VerifyPIN_7_HB+FTL+INL+DPTC+DT+SC/bin/verifypin_7,je_at_0x1081_from_0x1098_to_0x10d8,00010203040506070809,badf00dbadc0ffee,"b'[@] g_countermeasure = 0, g_authenticated = 0, g_ptc = 2\n'",b'',0,False
VerifyPIN/VerifyPIN_7_HB+FTL+INL+DPTC+DT+SC/bin/verifypin_7,je_at_0x1081_from_0x1098_to_0x10b8,00010203040506070809,badf00dbadc0ffee,"b'[@] g_countermeasure = 0, g_authenticated = 0, g_ptc = 2\n'",b'',0,False
VerifyPIN/VerifyPIN_7_HB+FTL+INL+DPTC+DT+SC/bin/verifypin_7,je_at_0x1081_from_0x1098_to_0x1088,00010203040506070809,badf00dbadc0ffee,b'',b'',-11,False
VerifyPIN/VerifyPIN_7_HB+FTL+INL+DPTC+DT+SC/bin/verifypin_7,je_at_0x1081_from_0x1098_to_0x1090,00010203040506070809,badf00dbadc0ffee,b'',b'',-4,False
VerifyPIN/VerifyPIN_7_HB+FTL+INL+DPTC+DT+SC/bin/verifypin_7,je_at_0x1081_from_0x1098_to_0x109c,00010203040506070809,badf00dbadc0ffee,"b'[@] g_countermeasure = 0, g_authenticated = 0, g_ptc = 2\n'",b'',0,False
VerifyPIN/VerifyPIN_7_HB+FTL+INL+DPTC+DT+SC/bin/verifypin_7,je_at_0x1081_from_0x1098_to_0x109a,00010203040506070809,badf00dbadc0ffee,b'',b'',-4,False
VerifyPIN/VerifyPIN_7_HB+FTL+INL+DPTC+DT+SC/bin/verifypin_7,je_at_0x1081_from_0x1098_to_0x1099,00010203040506070809,badf00dbadc0ffee,"b'[@] g_countermeasure = 0, g_authenticated = 0, g_ptc = 2\n'",b'',0,False
VerifyPIN/VerifyPIN_7_HB+FTL+INL+DPTC+DT+SC/bin/verifypin_7,je_at_0x108d_from_0x1098_to_0x1018,00010203040506070809,badf00dbadc0ffee,"b'[@] g_countermeasure = 0, g_authenticated = 0, g_ptc = 2\n'",b'',0,False
VerifyPIN/VerifyPIN_7_HB+FTL+INL+DPTC+DT+SC/bin/verifypin_7,je_at_0x108d_from_0x1098_to_0x10d8,00010203040506070809,badf00dbadc0ffee,"b'[@] g_countermeasure = 0, g_authenticated = 0, g_ptc = 2\n'",b'',0,False
VerifyPIN/VerifyPIN_7_HB+FTL+INL+DPTC+DT+SC/bin/verifypin_7,je_at_0x108d_from_0x1098_to_0x10b8,00010203040506070809,badf00dbadc0ffee,"b'[@] g_countermeasure = 0, g_authenticated = 0, g_ptc = 2\n'",b'',0,False
VerifyPIN/VerifyPIN_7_HB+FTL+INL+DPTC+DT+SC/bin/verifypin_7,je_at_0x108d_from_0x1098_to_0x1088,00010203040506070809,badf00dbadc0ffee,"b'[@] g_countermeasure = 0, g_authenticated = 0, g_ptc = 2\n'",b'',0,False
VerifyPIN/VerifyPIN_7_HB+FTL+INL+DPTC+DT+SC/bin/verifypin_7,je_at_0x108d_from_0x1098_to_0x1090,00010203040506070809,badf00dbadc0ffee,"b'[@] g_countermeasure = 0, g_authenticated = 0, g_ptc = 2\n'",b'',0,False
VerifyPIN/VerifyPIN_7_HB+FTL+INL+DPTC+DT+SC/bin/verifypin_7,je_at_0x108d_from_0x1098_to_0x109c,00010203040506070809,badf00dbadc0ffee,"b'[@] g_countermeasure = 0, g_authenticated = 0, g_ptc = 2\n'",b'',0,False
VerifyPIN/VerifyPIN_7_HB+FTL+INL+DPTC+DT+SC/bin/verifypin_7,je_at_0x108d_from_0x1098_to_0x109a,00010203040506070809,badf00dbadc0ffee,"b'[@] g_countermeasure = 0, g_authenticated = 0, g_ptc = 2\n'",b'',0,False
VerifyPIN/VerifyPIN_7_HB+FTL+INL+DPTC+DT+SC/bin/verifypin_7,je_at_0x108d_from_0x1098_to_0x1099,00010203040506070809,badf00dbadc0ffee,"b'[@] g_countermeasure = 0, g_authenticated = 0, g_ptc = 2\n'",b'',0,False
VerifyPIN/VerifyPIN_7_HB+FTL+INL+DPTC+DT+SC/bin/verifypin_7,je_at_0x10c2_from_0x10d8_to_0x1058,00010203040506070809,badf00dbadc0ffee,b'',b'',-11,False
VerifyPIN/VerifyPIN_7_HB+FTL+INL+DPTC+DT+SC/bin/verifypin_7,je_at_0x10c2_from_0x10d8_to_0x1098,00010203040506070809,badf00dbadc0ffee,"b'[@] g_countermeasure = 0, g_authenticated = 0, g_ptc = 2\n'",b'',0,False
VerifyPIN/VerifyPIN_7_HB+FTL+INL+DPTC+DT+SC/bin/verifypin_7,je_at_0x10c2_from_0x10d8_to_0x10f8,00010203040506070809,badf00dbadc0ffee,b'',b'',-11,False
VerifyPIN/VerifyPIN_7_HB+FTL+INL+DPTC+DT+SC/bin/verifypin_7,je_at_0x10c2_from_0x10d8_to_0x10c8,00010203040506070809,badf00dbadc0ffee,b'',b'',-4,False
VerifyPIN/VerifyPIN_7_HB+FTL+INL+DPTC+DT+SC/bin/verifypin_7,je_at_0x10c2_from_0x10d8_to_0x10d0,00010203040506070809,badf00dbadc0ffee,b'',b'',-11,False
VerifyPIN/VerifyPIN_7_HB+FTL+INL+DPTC+DT+SC/bin/verifypin_7,je_at_0x10c2_from_0x10d8_to_0x10dc,00010203040506070809,badf00dbadc0ffee,b'',b'',-11,False
VerifyPIN/VerifyPIN_7_HB+FTL+INL+DPTC+DT+SC/bin/verifypin_7,je_at_0x10c2_from_0x10d8_to_0x10da,00010203040506070809,badf00dbadc0ffee,b'',b'',-4,False
VerifyPIN/VerifyPIN_7_HB+FTL+INL+DPTC+DT+SC/bin/verifypin_7,je_at_0x10c2_from_0x10d8_to_0x10d9,00010203040506070809,badf00dbadc0ffee,"b'[@] g_countermeasure = 0, g_authenticated = 0, g_ptc = 2\n'",b'',0,False
VerifyPIN/VerifyPIN_7_HB+FTL+INL+DPTC+DT+SC/bin/verifypin_7,je_at_0x10ce_from_0x10d8_to_0x1058,00010203040506070809,badf00dbadc0ffee,"b'[@] g_countermeasure = 0, g_authenticated = 0, g_ptc = 2\n'",b'',0,False
VerifyPIN/VerifyPIN_7_HB+FTL+INL+DPTC+DT+SC/bin/verifypin_7,je_at_0x10ce_from_0x10d8_to_0x1098,00010203040506070809,badf00dbadc0ffee,"b'[@] g_countermeasure = 0, g_authenticated = 0, g_ptc = 2\n'",b'',0,False
VerifyPIN/VerifyPIN_7_HB+FTL+INL+DPTC+DT+SC/bin/verifypin_7,je_at_0x10ce_from_0x10d8_to_0x10f8,00010203040506070809,badf00dbadc0ffee,"b'[@] g_countermeasure = 0, g_authenticated = 0, g_ptc = 2\n'",b'',0,False
VerifyPIN/VerifyPIN_7_HB+FTL+INL+DPTC+DT+SC/bin/verifypin_7,je_at_0x10ce_from_0x10d8_to_0x10c8,00010203040506070809,badf00dbadc0ffee,"b'[@] g_countermeasure = 0, g_authenticated = 0, g_ptc = 2\n'",b'',0,False
VerifyPIN/VerifyPIN_7_HB+FTL+INL+DPTC+DT+SC/bin/verifypin_7,je_at_0x10ce_from_0x10d8_to_0x10d0,00010203040506070809,badf00dbadc0ffee,"b'[@] g_countermeasure = 0, g_authenticated = 0, g_ptc = 2\n'",b'',0,False
VerifyPIN/VerifyPIN_7_HB+FTL+INL+DPTC+DT+SC/bin/verifypin_7,je_at_0x10ce_from_0x10d8_to_0x10dc,00010203040506070809,badf00dbadc0ffee,"b'[@] g_countermeasure = 0, g_authenticated = 0, g_ptc = 2\n'",b'',0,False
VerifyPIN/VerifyPIN_7_HB+FTL+INL+DPTC+DT+SC/bin/verifypin_7,je_at_0x10ce_from_0x10d8_to_0x10da,00010203040506070809,badf00dbadc0ffee,"b'[@] g_countermeasure = 0, g_authenticated = 0, g_ptc = 2\n'",b'',0,False
VerifyPIN/VerifyPIN_7_HB+FTL+INL+DPTC+DT+SC/bin/verifypin_7,je_at_0x10ce_from_0x10d8_to_0x10d9,00010203040506070809,badf00dbadc0ffee,"b'[@] g_countermeasure = 0, g_authenticated = 0, g_ptc = 2\n'",b'',0,False
VerifyPIN/VerifyPIN_7_HB+FTL+INL+DPTC+DT+SC/bin/verifypin_7,jne_at_0x10eb_from_0x1120_to_0x1160,00010203040506070809,badf00dbadc0ffee,"b'[@] g_countermeasure = 0, g_authenticated = 0, g_ptc = 2\n'",b'',0,False
VerifyPIN/VerifyPIN_7_HB+FTL+INL+DPTC+DT+SC/bin/verifypin_7,jne_at_0x10eb_from_0x1120_to_0x1100,00010203040506070809,badf00dbadc0ffee,"b'[@] g_countermeasure = 0, g_authenticated = 0, g_ptc = 2\n'",b'',0,False
VerifyPIN/VerifyPIN_7_HB+FTL+INL+DPTC+DT+SC/bin/verifypin_7,jne_at_0x10eb_from_0x1120_to_0x1130,00010203040506070809,badf00dbadc0ffee,"b'[@] g_countermeasure = 0, g_authenticated = 0, g_ptc = 2\n'",b'',0,False
VerifyPIN/VerifyPIN_7_HB+FTL+INL+DPTC+DT+SC/bin/verifypin_7,jne_at_0x10eb_from_0x1120_to_0x1128,00010203040506070809,badf00dbadc0ffee,"b'[@] g_countermeasure = 0, g_authenticated = 0, g_ptc = 2\n'",b'',0,False
VerifyPIN/VerifyPIN_7_HB+FTL+INL+DPTC+DT+SC/bin/verifypin_7,jne_at_0x10eb_from_0x1120_to_0x1124,00010203040506070809,badf00dbadc0ffee,"b'[@] g_countermeasure = 0, g_authenticated = 0, g_ptc = 2\n'",b'',0,False
VerifyPIN/VerifyPIN_7_HB+FTL+INL+DPTC+DT+SC/bin/verifypin_7,jne_at_0x10eb_from_0x1120_to_0x1122,00010203040506070809,badf00dbadc0ffee,"b'[@] g_countermeasure = 0, g_authenticated = 0, g_ptc = 2\n'",b'',0,False
VerifyPIN/VerifyPIN_7_HB+FTL+INL+DPTC+DT+SC/bin/verifypin_7,jne_at_0x10eb_from_0x1120_to_0x1121,00010203040506070809,badf00dbadc0ffee,"b'[@] g_countermeasure = 0, g_authenticated = 0, g_ptc = 2\n'",b'',0,False
VerifyPIN/VerifyPIN_7_HB+FTL+INL+DPTC+DT+SC/bin/verifypin_7,je_at_0x10f9_from_0x1108_to_0x1148,00010203040506070809,badf00dbadc0ffee,"b'[@] g_countermeasure = 0, g_authenticated = 0, g_ptc = 2\n'",b'',0,False
VerifyPIN/VerifyPIN_7_HB+FTL+INL+DPTC+DT+SC/bin/verifypin_7,je_at_0x10f9_from_0x1108_to_0x1128,00010203040506070809,badf00dbadc0ffee,"b'[@] g_countermeasure = 0, g_authenticated = 0, g_ptc = 2\n'",b'',0,False
VerifyPIN/VerifyPIN_7_HB+FTL+INL+DPTC+DT+SC/bin/verifypin_7,je_at_0x10f9_from_0x1108_to_0x1118,00010203040506070809,badf00dbadc0ffee,"b'[@] g_countermeasure = 0, g_authenticated = 0, g_ptc = 2\n'",b'',0,False
VerifyPIN/VerifyPIN_7_HB+FTL+INL+DPTC+DT+SC/bin/verifypin_7,je_at_0x10f9_from_0x1108_to_0x1100,00010203040506070809,badf00dbadc0ffee,"b'[@] g_countermeasure = 0, g_authenticated = 0, g_ptc = 2\n'",b'',0,False
VerifyPIN/VerifyPIN_7_HB+FTL+INL+DPTC+DT+SC/bin/verifypin_7,je_at_0x10f9_from_0x1108_to_0x110c,00010203040506070809,badf00dbadc0ffee,"b'[@] g_countermeasure = 0, g_authenticated = 0, g_ptc = 2\n'",b'',0,False
VerifyPIN/VerifyPIN_7_HB+FTL+INL+DPTC+DT+SC/bin/verifypin_7,je_at_0x10f9_from_0x1108_to_0x110a,00010203040506070809,badf00dbadc0ffee,"b'[@] g_countermeasure = 0, g_authenticated = 0, g_ptc = 2\n'",b'',0,False
VerifyPIN/VerifyPIN_7_HB+FTL+INL+DPTC+DT+SC/bin/verifypin_7,je_at_0x10f9_from_0x1108_to_0x1109,00010203040506070809,badf00dbadc0ffee,"b'[@] g_countermeasure = 0, g_authenticated = 0, g_ptc = 2\n'",b'',0,False
VerifyPIN/VerifyPIN_7_HB+FTL+INL+DPTC+DT+SC/bin/verifypin_7,jmp_at_0x1134_from_0x10a0_to_0x30a0,00010203040506070809,badf00dbadc0ffee,b'',b'',-11,False
VerifyPIN/VerifyPIN_7_HB+FTL+INL+DPTC+DT+SC/bin/verifypin_7,jmp_at_0x1134_from_0x10a0_to_0xa0,00010203040506070809,badf00dbadc0ffee,b'',b'',-11,False
VerifyPIN/VerifyPIN_7_HB+FTL+INL+DPTC+DT+SC/bin/verifypin_7,jmp_at_0x1134_from_0x10a0_to_0x18a0,00010203040506070809,badf00dbadc0ffee,b'',b'',-11,False
VerifyPIN/VerifyPIN_7_HB+FTL+INL+DPTC+DT+SC/bin/verifypin_7,jmp_at_0x1134_from_0x10a0_to_0x14a0,00010203040506070809,badf00dbadc0ffee,b'',b'',-11,False
VerifyPIN/VerifyPIN_7_HB+FTL+INL+DPTC+DT+SC/bin/verifypin_7,jmp_at_0x1134_from_0x10a0_to_0x12a0,00010203040506070809,badf00dbadc0ffee,b'',b'',-7,False
VerifyPIN/VerifyPIN_7_HB+FTL+INL+DPTC+DT+SC/bin/verifypin_7,jmp_at_0x1134_from_0x10a0_to_0x11a0,00010203040506070809,badf00dbadc0ffee,b'',b'',-11,False
VerifyPIN/VerifyPIN_7_HB+FTL+INL+DPTC+DT+SC/bin/verifypin_7,jmp_at_0x1134_from_0x10a0_to_0x1020,00010203040506070809,badf00dbadc0ffee,b'',b'',-11,False
VerifyPIN/VerifyPIN_7_HB+FTL+INL+DPTC+DT+SC/bin/verifypin_7,jmp_at_0x1134_from_0x10a0_to_0x10e0,00010203040506070809,badf00dbadc0ffee,"b'[@] g_countermeasure = 0, g_authenticated = 0, g_ptc = 2\n'",b'',0,False
VerifyPIN/VerifyPIN_7_HB+FTL+INL+DPTC+DT+SC/bin/verifypin_7,jmp_at_0x1134_from_0x10a0_to_0x1080,00010203040506070809,badf00dbadc0ffee,"b'[@] g_countermeasure = 0, g_authenticated = 0, g_ptc = 2\n'",b'',0,False
VerifyPIN/VerifyPIN_7_HB+FTL+INL+DPTC+DT+SC/bin/verifypin_7,jmp_at_0x1134_from_0x10a0_to_0x10b0,00010203040506070809,badf00dbadc0ffee,b'',b'',-11,False
VerifyPIN/VerifyPIN_7_HB+FTL+INL+DPTC+DT+SC/bin/verifypin_7,jmp_at_0x1134_from_0x10a0_to_0x10a8,00010203040506070809,badf00dbadc0ffee,"b'[@] g_countermeasure = 0, g_authenticated = 0, g_ptc = 2\n'",b'',0,False
VerifyPIN/VerifyPIN_7_HB+FTL+INL+DPTC+DT+SC/bin/verifypin_7,jmp_at_0x1134_from_0x10a0_to_0x10a4,00010203040506070809,badf00dbadc0ffee,b'',b'',-4,False
VerifyPIN/VerifyPIN_7_HB+FTL+INL+DPTC+DT+SC/bin/verifypin_7,jmp_at_0x1134_from_0x10a0_to_0x10a2,00010203040506070809,badf00dbadc0ffee,"b'[@] g_countermeasure = 0, g_authenticated = 0, g_ptc = 2\n'",b'',0,False
VerifyPIN/VerifyPIN_7_HB+FTL+INL+DPTC+DT+SC/bin/verifypin_7,jmp_at_0x1134_from_0x10a0_to_0x10a1,00010203040506070809,badf00dbadc0ffee,"b'[@] g_countermeasure = 0, g_authenticated = 0, g_ptc = 2\n'",b'',0,False
VerifyPIN/VerifyPIN_7_HB+FTL+INL+DPTC+DT+SC/bin/verifypin_7,jge_at_0x1174_from_0x1197_to_0x1117,00010203040506070809,badf00dbadc0ffee,b'',b'',-11,False
VerifyPIN/VerifyPIN_7_HB+FTL+INL+DPTC+DT+SC/bin/verifypin_7,jge_at_0x1174_from_0x1197_to_0x11d7,00010203040506070809,badf00dbadc0ffee,b'',b'',-11,False
VerifyPIN/VerifyPIN_7_HB+FTL+INL+DPTC+DT+SC/bin/verifypin_7,jge_at_0x1174_from_0x1197_to_0x11b7,00010203040506070809,badf00dbadc0ffee,b'',b'',-11,False
VerifyPIN/VerifyPIN_7_HB+FTL+INL+DPTC+DT+SC/bin/verifypin_7,jge_at_0x1174_from_0x1197_to_0x1187,00010203040506070809,badf00dbadc0ffee,b'',b'',-11,False
VerifyPIN/VerifyPIN_7_HB+FTL+INL+DPTC+DT+SC/bin/verifypin_7,jge_at_0x1174_from_0x1197_to_0x119f,00010203040506070809,badf00dbadc0ffee,b'',b'',-11,False
VerifyPIN/VerifyPIN_7_HB+FTL+INL+DPTC+DT+SC/bin/verifypin_7,jge_at_0x1174_from_0x1197_to_0x1193,00010203040506070809,badf00dbadc0ffee,b'',b'',-9,True
VerifyPIN/VerifyPIN_7_HB+FTL+INL+DPTC+DT+SC/bin/verifypin_7,jge_at_0x1174_from_0x1197_to_0x1195,00010203040506070809,badf00dbadc0ffee,b'',b'',-9,True
VerifyPIN/VerifyPIN_7_HB+FTL+INL+DPTC+DT+SC/bin/verifypin_7,jge_at_0x1174_from_0x1197_to_0x1196,00010203040506070809,badf00dbadc0ffee,b'',b'',-11,False
VerifyPIN/VerifyPIN_7_HB+FTL+INL+DPTC+DT+SC/bin/verifypin_7,jmp_at_0x1195_from_0x1170_to_0x11f0,00010203040506070809,badf00dbadc0ffee,"b'[@] g_countermeasure = 0, g_authenticated = 0, g_ptc = 2\n'",b'',0,False
VerifyPIN/VerifyPIN_7_HB+FTL+INL+DPTC+DT+SC/bin/verifypin_7,jmp_at_0x1195_from_0x1170_to_0x1130,00010203040506070809,badf00dbadc0ffee,b'',b'',-11,False
VerifyPIN/VerifyPIN_7_HB+FTL+INL+DPTC+DT+SC/bin/verifypin_7,jmp_at_0x1195_from_0x1170_to_0x1150,00010203040506070809,badf00dbadc0ffee,b'',b'',-11,False
VerifyPIN/VerifyPIN_7_HB+FTL+INL+DPTC+DT+SC/bin/verifypin_7,jmp_at_0x1195_from_0x1170_to_0x1160,00010203040506070809,badf00dbadc0ffee,b'',b'',-11,False
VerifyPIN/VerifyPIN_7_HB+FTL+INL+DPTC+DT+SC/bin/verifypin_7,jmp_at_0x1195_from_0x1170_to_0x1178,00010203040506070809,badf00dbadc0ffee,b'',b'',-11,False
VerifyPIN/VerifyPIN_7_HB+FTL+INL+DPTC+DT+SC/bin/verifypin_7,jmp_at_0x1195_from_0x1170_to_0x1174,00010203040506070809,badf00dbadc0ffee,"b'[@] g_countermeasure = 0, g_authenticated = 0, g_ptc = 2\n'",b'',0,False
VerifyPIN/VerifyPIN_7_HB+FTL+INL+DPTC+DT+SC/bin/verifypin_7,jmp_at_0x1195_from_0x1170_to_0x1172,00010203040506070809,badf00dbadc0ffee,b'',b'',-11,False
VerifyPIN/VerifyPIN_7_HB+FTL+INL+DPTC+DT+SC/bin/verifypin_7,jmp_at_0x1195_from_0x1170_to_0x1171,00010203040506070809,badf00dbadc0ffee,b'',b'',-11,False
VerifyPIN/VerifyPIN_7_HB+FTL+INL+DPTC+DT+SC/bin/verifypin_7,jge_at_0x11a2_from_0x11be_to_0x113e,00010203040506070809,badf00dbadc0ffee,b'',b'',-11,False
VerifyPIN/VerifyPIN_7_HB+FTL+INL+DPTC+DT+SC/bin/verifypin_7,jge_at_0x11a2_from_0x11be_to_0x11fe,00010203040506070809,badf00dbadc0ffee,b'',b'',-11,False
VerifyPIN/VerifyPIN_7_HB+FTL+INL+DPTC+DT+SC/bin/verifypin_7,jge_at_0x11a2_from_0x11be_to_0x119e,00010203040506070809,badf00dbadc0ffee,b'',b'',-9,True
VerifyPIN/VerifyPIN_7_HB+FTL+INL+DPTC+DT+SC/bin/verifypin_7,jge_at_0x11a2_from_0x11be_to_0x11ae,00010203040506070809,badf00dbadc0ffee,b'',b'',-11,False
VerifyPIN/VerifyPIN_7_HB+FTL+INL+DPTC+DT+SC/bin/verifypin_7,jge_at_0x11a2_from_0x11be_to_0x11b6,00010203040506070809,badf00dbadc0ffee,b'',b'',-9,True
VerifyPIN/VerifyPIN_7_HB+FTL+INL+DPTC+DT+SC/bin/verifypin_7,jge_at_0x11a2_from_0x11be_to_0x11ba,00010203040506070809,badf00dbadc0ffee,b'',b'',-9,True
VerifyPIN/VerifyPIN_7_HB+FTL+INL+DPTC+DT+SC/bin/verifypin_7,jge_at_0x11a2_from_0x11be_to_0x11bc,00010203040506070809,badf00dbadc0ffee,b'',b'',-9,True
VerifyPIN/VerifyPIN_7_HB+FTL+INL+DPTC+DT+SC/bin/verifypin_7,jge_at_0x11a2_from_0x11be_to_0x11bf,00010203040506070809,badf00dbadc0ffee,b'',b'',-11,False
VerifyPIN/VerifyPIN_7_HB+FTL+INL+DPTC+DT+SC/bin/verifypin_7,jmp_at_0x11bc_from_0x119e_to_0x11de,00010203040506070809,badf00dbadc0ffee,b'',b'',-11,False
VerifyPIN/VerifyPIN_7_HB+FTL+INL+DPTC+DT+SC/bin/verifypin_7,jmp_at_0x11bc_from_0x119e_to_0x11be,00010203040506070809,badf00dbadc0ffee,"b'[@] g_countermeasure = 0, g_authenticated = 0, g_ptc = 2\n'",b'',0,False
VerifyPIN/VerifyPIN_7_HB+FTL+INL+DPTC+DT+SC/bin/verifypin_7,jmp_at_0x11bc_from_0x119e_to_0x118e,00010203040506070809,badf00dbadc0ffee,b'',b'',-9,True
VerifyPIN/VerifyPIN_7_HB+FTL+INL+DPTC+DT+SC/bin/verifypin_7,jmp_at_0x11bc_from_0x119e_to_0x1196,00010203040506070809,badf00dbadc0ffee,b'',b'',-11,False
VerifyPIN/VerifyPIN_7_HB+FTL+INL+DPTC+DT+SC/bin/verifypin_7,jmp_at_0x11bc_from_0x119e_to_0x119a,00010203040506070809,badf00dbadc0ffee,b'',b'',-11,False
VerifyPIN/VerifyPIN_7_HB+FTL+INL+DPTC+DT+SC/bin/verifypin_7,jmp_at_0x11bc_from_0x119e_to_0x119c,00010203040506070809,badf00dbadc0ffee,b'',b'',-11,False
VerifyPIN/VerifyPIN_7_HB+FTL+INL+DPTC+DT+SC/bin/verifypin_7,jmp_at_0x11bc_from_0x119e_to_0x119f,00010203040506070809,badf00dbadc0ffee,b'',b'',-11,False
VerifyPIN/VerifyPIN_7_HB+FTL+INL+DPTC+DT+SC/bin/verifypin_7,je_at_0x11d6_from_0x11ed_to_0x116d,00010203040506070809,badf00dbadc0ffee,"b'[@] g_countermeasure = 0, g_authenticated = 0, g_ptc = 2\n'",b'',0,False
VerifyPIN/VerifyPIN_7_HB+FTL+INL+DPTC+DT+SC/bin/verifypin_7,je_at_0x11d6_from_0x11ed_to_0x11ad,00010203040506070809,badf00dbadc0ffee,"b'[@] g_countermeasure = 0, g_authenticated = 0, g_ptc = 2\n'",b'',0,False
VerifyPIN/VerifyPIN_7_HB+FTL+INL+DPTC+DT+SC/bin/verifypin_7,je_at_0x11d6_from_0x11ed_to_0x11cd,00010203040506070809,badf00dbadc0ffee,"b'[@] g_countermeasure = 0, g_authenticated = 0, g_ptc = 2\n'",b'',0,False
VerifyPIN/VerifyPIN_7_HB+FTL+INL+DPTC+DT+SC/bin/verifypin_7,je_at_0x11d6_from_0x11ed_to_0x11fd,00010203040506070809,badf00dbadc0ffee,"b'[@] g_countermeasure = 0, g_authenticated = 0, g_ptc = 2\n'",b'',0,False
VerifyPIN/VerifyPIN_7_HB+FTL+INL+DPTC+DT+SC/bin/verifypin_7,je_at_0x11d6_from_0x11ed_to_0x11e5,00010203040506070809,badf00dbadc0ffee,"b'[@] g_countermeasure = 0, g_authenticated = 0, g_ptc = 2\n'",b'',0,False
VerifyPIN/VerifyPIN_7_HB+FTL+INL+DPTC+DT+SC/bin/verifypin_7,je_at_0x11d6_from_0x11ed_to_0x11e9,00010203040506070809,badf00dbadc0ffee,"b'[@] g_countermeasure = 0, g_authenticated = 0, g_ptc = 2\n'",b'',0,False
VerifyPIN/VerifyPIN_7_HB+FTL+INL+DPTC+DT+SC/bin/verifypin_7,je_at_0x11d6_from_0x11ed_to_0x11ef,00010203040506070809,badf00dbadc0ffee,"b'[@] g_countermeasure = 0, g_authenticated = 0, g_ptc = 2\n'",b'',0,False
VerifyPIN/VerifyPIN_7_HB+FTL+INL+DPTC+DT+SC/bin/verifypin_7,je_at_0x11d6_from_0x11ed_to_0x11ec,00010203040506070809,badf00dbadc0ffee,"b'[@] g_countermeasure = 0, g_authenticated = 0, g_ptc = 2\n'",b'',0,False
VerifyPIN/VerifyPIN_7_HB+FTL+INL+DPTC+DT+SC/bin/verifypin_7,je_at_0x1216_from_0x122b_to_0x126b,00010203040506070809,badf00dbadc0ffee,"b'[@] g_countermeasure = 0, g_authenticated = 0, g_ptc = 2\n'",b'',0,False
VerifyPIN/VerifyPIN_7_HB+FTL+INL+DPTC+DT+SC/bin/verifypin_7,je_at_0x1216_from_0x122b_to_0x120b,00010203040506070809,badf00dbadc0ffee,"b'[@] g_countermeasure = 0, g_authenticated = 0, g_ptc = 2\n'",b'',0,False
VerifyPIN/VerifyPIN_7_HB+FTL+INL+DPTC+DT+SC/bin/verifypin_7,je_at_0x1216_from_0x122b_to_0x123b,00010203040506070809,badf00dbadc0ffee,"b'[@] g_countermeasure = 0, g_authenticated = 0, g_ptc = 2\n'",b'',0,False
VerifyPIN/VerifyPIN_7_HB+FTL+INL+DPTC+DT+SC/bin/verifypin_7,je_at_0x1216_from_0x122b_to_0x1223,00010203040506070809,badf00dbadc0ffee,"b'[@] g_countermeasure = 0, g_authenticated = 0, g_ptc = 2\n'",b'',0,False
VerifyPIN/VerifyPIN_7_HB+FTL+INL+DPTC+DT+SC/bin/verifypin_7,je_at_0x1216_from_0x122b_to_0x122f,00010203040506070809,badf00dbadc0ffee,"b'[@] g_countermeasure = 0, g_authenticated = 0, g_ptc = 2\n'",b'',0,False
VerifyPIN/VerifyPIN_7_HB+FTL+INL+DPTC+DT+SC/bin/verifypin_7,je_at_0x1216_from_0x122b_to_0x1229,00010203040506070809,badf00dbadc0ffee,"b'[@] g_countermeasure = 0, g_authenticated = 0, g_ptc = 2\n'",b'',0,False
VerifyPIN/VerifyPIN_7_HB+FTL+INL+DPTC+DT+SC/bin/verifypin_7,je_at_0x1216_from_0x122b_to_0x122a,00010203040506070809,badf00dbadc0ffee,"b'[@] g_countermeasure = 0, g_authenticated = 0, g_ptc = 2\n'",b'',0,False
VerifyPIN/VerifyPIN_7_HB+FTL+INL+DPTC+DT+SC/bin/verifypin_7,jle_at_0x1266_from_0x13f1_to_0x33f1,00010203040506070809,badf00dbadc0ffee,"b'[@] g_countermeasure = 0, g_authenticated = 0, g_ptc = 2\n'",b'',0,False
VerifyPIN/VerifyPIN_7_HB+FTL+INL+DPTC+DT+SC/bin/verifypin_7,jle_at_0x1266_from_0x13f1_to_0x3f1,00010203040506070809,badf00dbadc0ffee,"b'[@] g_countermeasure = 0, g_authenticated = 0, g_ptc = 2\n'",b'',0,False
VerifyPIN/VerifyPIN_7_HB+FTL+INL+DPTC+DT+SC/bin/verifypin_7,jle_at_0x1266_from_0x13f1_to_0x1bf1,00010203040506070809,badf00dbadc0ffee,"b'[@] g_countermeasure = 0, g_authenticated = 0, g_ptc = 2\n'",b'',0,False
VerifyPIN/VerifyPIN_7_HB+FTL+INL+DPTC+DT+SC/bin/verifypin_7,jle_at_0x1266_from_0x13f1_to_0x17f1,00010203040506070809,badf00dbadc0ffee,"b'[@] g_countermeasure = 0, g_authenticated = 0, g_ptc = 2\n'",b'',0,False
VerifyPIN/VerifyPIN_7_HB+FTL+INL+DPTC+DT+SC/bin/verifypin_7,jle_at_0x1266_from_0x13f1_to_0x11f1,00010203040506070809,badf00dbadc0ffee,"b'[@] g_countermeasure = 0, g_authenticated = 0, g_ptc = 2\n'",b'',0,False
VerifyPIN/VerifyPIN_7_HB+FTL+INL+DPTC+DT+SC/bin/verifypin_7,jle_at_0x1266_from_0x13f1_to_0x12f1,00010203040506070809,badf00dbadc0ffee,"b'[@] g_countermeasure = 0, g_authenticated = 0, g_ptc = 2\n'",b'',0,False
VerifyPIN/VerifyPIN_7_HB+FTL+INL+DPTC+DT+SC/bin/verifypin_7,jle_at_0x1266_from_0x13f1_to_0x1371,00010203040506070809,badf00dbadc0ffee,"b'[@] g_countermeasure = 0, g_authenticated = 0, g_ptc = 2\n'",b'',0,False
VerifyPIN/VerifyPIN_7_HB+FTL+INL+DPTC+DT+SC/bin/verifypin_7,jle_at_0x1266_from_0x13f1_to_0x13b1,00010203040506070809,badf00dbadc0ffee,"b'[@] g_countermeasure = 0, g_authenticated = 0, g_ptc = 2\n'",b'',0,False
VerifyPIN/VerifyPIN_7_HB+FTL+INL+DPTC+DT+SC/bin/verifypin_7,jle_at_0x1266_from_0x13f1_to_0x13d1,00010203040506070809,badf00dbadc0ffee,"b'[@] g_countermeasure = 0, g_authenticated = 0, g_ptc = 2\n'",b'',0,False
VerifyPIN/VerifyPIN_7_HB+FTL+INL+DPTC+DT+SC/bin/verifypin_7,jle_at_0x1266_from_0x13f1_to_0x13e1,00010203040506070809,badf00dbadc0ffee,"b'[@] g_countermeasure = 0, g_authenticated = 0, g_ptc = 2\n'",b'',0,False
VerifyPIN/VerifyPIN_7_HB+FTL+INL+DPTC+DT+SC/bin/verifypin_7,jle_at_0x1266_from_0x13f1_to_0x13f9,00010203040506070809,badf00dbadc0ffee,"b'[@] g_countermeasure = 0, g_authenticated = 0, g_ptc = 2\n'",b'',0,False
VerifyPIN/VerifyPIN_7_HB+FTL+INL+DPTC+DT+SC/bin/verifypin_7,jle_at_0x1266_from_0x13f1_to_0x13f5,00010203040506070809,badf00dbadc0ffee,"b'[@] g_countermeasure = 0, g_authenticated = 0, g_ptc = 2\n'",b'',0,False
VerifyPIN/VerifyPIN_7_HB+FTL+INL+DPTC+DT+SC/bin/verifypin_7,jle_at_0x1266_from_0x13f1_to_0x13f3,00010203040506070809,badf00dbadc0ffee,"b'[@] g_countermeasure = 0, g_authenticated = 0, g_ptc = 2\n'",b'',0,False
VerifyPIN/VerifyPIN_7_HB+FTL+INL+DPTC+DT+SC/bin/verifypin_7,jle_at_0x1266_from_0x13f1_to_0x13f0,00010203040506070809,badf00dbadc0ffee,"b'[@] g_countermeasure = 0, g_authenticated = 0, g_ptc = 2\n'",b'',0,False
VerifyPIN/VerifyPIN_7_HB+FTL+INL+DPTC+DT+SC/bin/verifypin_7,je_at_0x1279_from_0x1280_to_0x1200,00010203040506070809,badf00dbadc0ffee,b'',b'',-11,False
VerifyPIN/VerifyPIN_7_HB+FTL+INL+DPTC+DT+SC/bin/verifypin_7,je_at_0x1279_from_0x1280_to_0x12c0,00010203040506070809,badf00dbadc0ffee,"b'[@] g_countermeasure = 1, g_authenticated = 0, g_ptc = 3\n'",b'',0,False
VerifyPIN/VerifyPIN_7_HB+FTL+INL+DPTC+DT+SC/bin/verifypin_7,je_at_0x1279_from_0x1280_to_0x12a0,00010203040506070809,badf00dbadc0ffee,b'',b'',-4,False
VerifyPIN/VerifyPIN_7_HB+FTL+INL+DPTC+DT+SC/bin/verifypin_7,je_at_0x1279_from_0x1280_to_0x1290,00010203040506070809,badf00dbadc0ffee,"b'[@] g_countermeasure = 0, g_authenticated = 0, g_ptc = 3\n'",b'',0,False
VerifyPIN/VerifyPIN_7_HB+FTL+INL+DPTC+DT+SC/bin/verifypin_7,je_at_0x1279_from_0x1280_to_0x1288,00010203040506070809,badf00dbadc0ffee,b'',b'',-11,False
VerifyPIN/VerifyPIN_7_HB+FTL+INL+DPTC+DT+SC/bin/verifypin_7,je_at_0x1279_from_0x1280_to_0x1284,00010203040506070809,badf00dbadc0ffee,"b'[@] g_countermeasure = 0, g_authenticated = 0, g_ptc = 2\n'",b'',0,False
VerifyPIN/VerifyPIN_7_HB+FTL+INL+DPTC+DT+SC/bin/verifypin_7,je_at_0x1279_from_0x1280_to_0x1282,00010203040506070809,badf00dbadc0ffee,b'',b'',-11,False
VerifyPIN/VerifyPIN_7_HB+FTL+INL+DPTC+DT+SC/bin/verifypin_7,je_at_0x1279_from_0x1280_to_0x1281,00010203040506070809,badf00dbadc0ffee,b'',b'',-11,False
VerifyPIN/VerifyPIN_7_HB+FTL+INL+DPTC+DT+SC/bin/verifypin_7,je_at_0x12a2_from_0x12a9_to_0x1229,00010203040506070809,badf00dbadc0ffee,b'',b'',-11,False
VerifyPIN/VerifyPIN_7_HB+FTL+INL+DPTC+DT+SC/bin/verifypin_7,je_at_0x12a2_from_0x12a9_to_0x12e9,00010203040506070809,badf00dbadc0ffee,"b'[@] g_countermeasure = 1, g_authenticated = 0, g_ptc = 2\n'",b'',0,False
VerifyPIN/VerifyPIN_7_HB+FTL+INL+DPTC+DT+SC/bin/verifypin_7,je_at_0x12a2_from_0x12a9_to_0x1289,00010203040506070809,badf00dbadc0ffee,"b'[@] g_countermeasure = 1, g_authenticated = 0, g_ptc = 1\n'",b'',0,False
VerifyPIN/VerifyPIN_7_HB+FTL+INL+DPTC+DT+SC/bin/verifypin_7,je_at_0x12a2_from_0x12a9_to_0x12b9,00010203040506070809,badf00dbadc0ffee,"b'[@] g_countermeasure = 1, g_authenticated = 0, g_ptc = 2\n'",b'',0,False
VerifyPIN/VerifyPIN_7_HB+FTL+INL+DPTC+DT+SC/bin/verifypin_7,je_at_0x12a2_from_0x12a9_to_0x12a1,00010203040506070809,badf00dbadc0ffee,b'',b'',-4,False
VerifyPIN/VerifyPIN_7_HB+FTL+INL+DPTC+DT+SC/bin/verifypin_7,je_at_0x12a2_from_0x12a9_to_0x12ad,00010203040506070809,badf00dbadc0ffee,"b'[@] g_countermeasure = 0, g_authenticated = 0, g_ptc = 2\n'",b'',0,False
VerifyPIN/VerifyPIN_7_HB+FTL+INL+DPTC+DT+SC/bin/verifypin_7,je_at_0x12a2_from_0x12a9_to_0x12ab,00010203040506070809,badf00dbadc0ffee,b'',b'',-11,False
VerifyPIN/VerifyPIN_7_HB+FTL+INL+DPTC+DT+SC/bin/verifypin_7,je_at_0x12a2_from_0x12a9_to_0x12a8,00010203040506070809,badf00dbadc0ffee,b'',b'',-11,False
VerifyPIN/VerifyPIN_7_HB+FTL+INL+DPTC+DT+SC/bin/verifypin_7,je_at_0x12be_from_0x12c5_to_0x1245,00010203040506070809,badf00dbadc0ffee,b'',b'',-11,False
VerifyPIN/VerifyPIN_7_HB+FTL+INL+DPTC+DT+SC/bin/verifypin_7,je_at_0x12be_from_0x12c5_to_0x1285,00010203040506070809,badf00dbadc0ffee,b'',b'',-11,False
VerifyPIN/VerifyPIN_7_HB+FTL+INL+DPTC+DT+SC/bin/verifypin_7,je_at_0x12be_from_0x12c5_to_0x12e5,00010203040506070809,badf00dbadc0ffee,b'',b'',-11,False
VerifyPIN/VerifyPIN_7_HB+FTL+INL+DPTC+DT+SC/bin/verifypin_7,je_at_0x12be_from_0x12c5_to_0x12d5,00010203040506070809,badf00dbadc0ffee,b'',b'',-11,False
VerifyPIN/VerifyPIN_7_HB+FTL+INL+DPTC+DT+SC/bin/verifypin_7,je_at_0x12be_from_0x12c5_to_0x12cd,00010203040506070809,badf00dbadc0ffee,b'',b'',-4,False
VerifyPIN/VerifyPIN_7_HB+FTL+INL+DPTC+DT+SC/bin/verifypin_7,je_at_0x12be_from_0x12c5_to_0x12c1,00010203040506070809,badf00dbadc0ffee,b'',b'',-4,False
VerifyPIN/VerifyPIN_7_HB+FTL+INL+DPTC+DT+SC/bin/verifypin_7,je_at_0x12be_from_0x12c5_to_0x12c7,00010203040506070809,badf00dbadc0ffee,b'',b'',-11,False
VerifyPIN/VerifyPIN_7_HB+FTL+INL+DPTC+DT+SC/bin/verifypin_7,je_at_0x12be_from_0x12c5_to_0x12c4,00010203040506070809,badf00dbadc0ffee,b'',b'',-11,False
VerifyPIN/VerifyPIN_7_HB+FTL+INL+DPTC+DT+SC/bin/verifypin_7,jge_at_0x12d0_from_0x1320_to_0x1300,00010203040506070809,badf00dbadc0ffee,b'',b'',-9,True
VerifyPIN/VerifyPIN_7_HB+FTL+INL+DPTC+DT+SC/bin/verifypin_7,jge_at_0x12d0_from_0x1320_to_0x1330,00010203040506070809,badf00dbadc0ffee,b'',b'',-4,False
VerifyPIN/VerifyPIN_7_HB+FTL+INL+DPTC+DT+SC/bin/verifypin_7,jge_at_0x12d0_from_0x1320_to_0x1328,00010203040506070809,badf00dbadc0ffee,"b'[@] g_countermeasure = 1, g_authenticated = 0, g_ptc = 2\n'",b'',0,False
VerifyPIN/VerifyPIN_7_HB+FTL+INL+DPTC+DT+SC/bin/verifypin_7,jge_at_0x12d0_from_0x1320_to_0x1324,00010203040506070809,badf00dbadc0ffee,b'',b'',-11,False
VerifyPIN/VerifyPIN_7_HB+FTL+INL+DPTC+DT+SC/bin/verifypin_7,jge_at_0x12d0_from_0x1320_to_0x1322,00010203040506070809,badf00dbadc0ffee,"b'[@] g_countermeasure = 1, g_authenticated = 0, g_ptc = 2\n'",b'',0,False
VerifyPIN/VerifyPIN_7_HB+FTL+INL+DPTC+DT+SC/bin/verifypin_7,jge_at_0x12d0_from_0x1320_to_0x1321,00010203040506070809,badf00dbadc0ffee,"b'[@] g_countermeasure = 1, g_authenticated = 0, g_ptc = 2\n'",b'',0,False
VerifyPIN/VerifyPIN_7_HB+FTL+INL+DPTC+DT+SC/bin/verifypin_7,je_at_0x12f2_from_0x12f8_to_0x1278,00010203040506070809,badf00dbadc0ffee,"b'[@] g_countermeasure = 0, g_authenticated = 0, g_ptc = 2\n'",b'',0,False
VerifyPIN/VerifyPIN_7_HB+FTL+INL+DPTC+DT+SC/bin/verifypin_7,je_at_0x12f2_from_0x12f8_to_0x12b8,00010203040506070809,badf00dbadc0ffee,"b'[@] g_countermeasure = 0, g_authenticated = 0, g_ptc = 2\n'",b'',0,False
VerifyPIN/VerifyPIN_7_HB+FTL+INL+DPTC+DT+SC/bin/verifypin_7,je_at_0x12f2_from_0x12f8_to_0x12d8,00010203040506070809,badf00dbadc0ffee,"b'[@] g_countermeasure = 0, g_authenticated = 0, g_ptc = 2\n'",b'',0,False
VerifyPIN/VerifyPIN_7_HB+FTL+INL+DPTC+DT+SC/bin/verifypin_7,je_at_0x12f2_from_0x12f8_to_0x12e8,00010203040506070809,badf00dbadc0ffee,"b'[@] g_countermeasure = 0, g_authenticated = 0, g_ptc = 2\n'",b'',0,False
VerifyPIN/VerifyPIN_7_HB+FTL+INL+DPTC+DT+SC/bin/verifypin_7,je_at_0x12f2_from_0x12f8_to_0x12f0,00010203040506070809,badf00dbadc0ffee,"b'[@] g_countermeasure = 0, g_authenticated = 0, g_ptc = 2\n'",b'',0,False
VerifyPIN/VerifyPIN_7_HB+FTL+INL+DPTC+DT+SC/bin/verifypin_7,je_at_0x12f2_from_0x12f8_to_0x12fc,00010203040506070809,badf00dbadc0ffee,"b'[@] g_countermeasure = 0, g_authenticated = 0, g_ptc = 2\n'",b'',0,False
VerifyPIN/VerifyPIN_7_HB+FTL+INL+DPTC+DT+SC/bin/verifypin_7,je_at_0x12f2_from_0x12f8_to_0x12fa,00010203040506070809,badf00dbadc0ffee,"b'[@] g_countermeasure = 0, g_authenticated = 0, g_ptc = 2\n'",b'',0,False
VerifyPIN/VerifyPIN_7_HB+FTL+INL+DPTC+DT+SC/bin/verifypin_7,je_at_0x12f2_from_0x12f8_to_0x12f9,00010203040506070809,badf00dbadc0ffee,"b'[@] g_countermeasure = 0, g_authenticated = 0, g_ptc = 2\n'",b'',0,False
VerifyPIN/VerifyPIN_7_HB+FTL+INL+DPTC+DT+SC/bin/verifypin_7,je_at_0x130c_from_0x1313_to_0x1353,00010203040506070809,badf00dbadc0ffee,"b'[@] g_countermeasure = 1, g_authenticated = 0, g_ptc = 3\n'",b'',0,False
VerifyPIN/VerifyPIN_7_HB+FTL+INL+DPTC+DT+SC/bin/verifypin_7,je_at_0x130c_from_0x1313_to_0x1333,00010203040506070809,badf00dbadc0ffee,b'',b'',-11,False
VerifyPIN/VerifyPIN_7_HB+FTL+INL+DPTC+DT+SC/bin/verifypin_7,je_at_0x130c_from_0x1313_to_0x1303,00010203040506070809,badf00dbadc0ffee,b'',b'',-9,True
VerifyPIN/VerifyPIN_7_HB+FTL+INL+DPTC+DT+SC/bin/verifypin_7,je_at_0x130c_from_0x1313_to_0x131b,00010203040506070809,badf00dbadc0ffee,"b'[@] g_countermeasure = 1, g_authenticated = 0, g_ptc = 2\n'",b'',0,False
VerifyPIN/VerifyPIN_7_HB+FTL+INL+DPTC+DT+SC/bin/verifypin_7,je_at_0x130c_from_0x1313_to_0x1317,00010203040506070809,badf00dbadc0ffee,b'',b'',-11,False
VerifyPIN/VerifyPIN_7_HB+FTL+INL+DPTC+DT+SC/bin/verifypin_7,je_at_0x130c_from_0x1313_to_0x1311,00010203040506070809,badf00dbadc0ffee,b'',b'',-4,False
VerifyPIN/VerifyPIN_7_HB+FTL+INL+DPTC+DT+SC/bin/verifypin_7,je_at_0x130c_from_0x1313_to_0x1312,00010203040506070809,badf00dbadc0ffee,b'',b'',-4,False
VerifyPIN/VerifyPIN_7_HB+FTL+INL+DPTC+DT+SC/bin/verifypin_7,jmp_at_0x1313_from_0x1315_to_0x1355,00010203040506070809,badf00dbadc0ffee,"b'[@] g_countermeasure = 1, g_authenticated = 0, g_ptc = 3\n'",b'',0,False
VerifyPIN/VerifyPIN_7_HB+FTL+INL+DPTC+DT+SC/bin/verifypin_7,jmp_at_0x1313_from_0x1315_to_0x1335,00010203040506070809,badf00dbadc0ffee,b'',b'',-4,False
VerifyPIN/VerifyPIN_7_HB+FTL+INL+DPTC+DT+SC/bin/verifypin_7,jmp_at_0x1313_from_0x1315_to_0x1305,00010203040506070809,badf00dbadc0ffee,b'',b'',-11,False
VerifyPIN/VerifyPIN_7_HB+FTL+INL+DPTC+DT+SC/bin/verifypin_7,jmp_at_0x1313_from_0x1315_to_0x131d,00010203040506070809,badf00dbadc0ffee,b'',b'',-11,False
VerifyPIN/VerifyPIN_7_HB+FTL+INL+DPTC+DT+SC/bin/verifypin_7,jmp_at_0x1313_from_0x1315_to_0x1311,00010203040506070809,badf00dbadc0ffee,b'',b'',-4,False
VerifyPIN/VerifyPIN_7_HB+FTL+INL+DPTC+DT+SC/bin/verifypin_7,jmp_at_0x1313_from_0x1315_to_0x1317,00010203040506070809,badf00dbadc0ffee,b'',b'',-11,False
VerifyPIN/VerifyPIN_7_HB+FTL+INL+DPTC+DT+SC/bin/verifypin_7,jmp_at_0x1313_from_0x1315_to_0x1314,00010203040506070809,badf00dbadc0ffee,b'',b'',-11,False
VerifyPIN/VerifyPIN_7_HB+FTL+INL+DPTC+DT+SC/bin/verifypin_7,jmp_at_0x131e_from_0x12cc_to_0x12ec,00010203040506070809,badf00dbadc0ffee,b'',b'',-11,False
VerifyPIN/VerifyPIN_7_HB+FTL+INL+DPTC+DT+SC/bin/verifypin_7,jmp_at_0x131e_from_0x12cc_to_0x12dc,00010203040506070809,badf00dbadc0ffee,b'',b'',-11,False
VerifyPIN/VerifyPIN_7_HB+FTL+INL+DPTC+DT+SC/bin/verifypin_7,jmp_at_0x131e_from_0x12cc_to_0x12c4,00010203040506070809,badf00dbadc0ffee,b'',b'',-11,False
VerifyPIN/VerifyPIN_7_HB+FTL+INL+DPTC+DT+SC/bin/verifypin_7,jmp_at_0x131e_from_0x12cc_to_0x12c8,00010203040506070809,badf00dbadc0ffee,b'',b'',-11,False
VerifyPIN/VerifyPIN_7_HB+FTL+INL+DPTC+DT+SC/bin/verifypin_7,jmp_at_0x131e_from_0x12cc_to_0x12ce,00010203040506070809,badf00dbadc0ffee,b'',b'',-11,False
VerifyPIN/VerifyPIN_7_HB+FTL+INL+DPTC+DT+SC/bin/verifypin_7,jmp_at_0x131e_from_0x12cc_to_0x12cd,00010203040506070809,badf00dbadc0ffee,b'',b'',-4,False
VerifyPIN/VerifyPIN_7_HB+FTL+INL+DPTC+DT+SC/bin/verifypin_7,je_at_0x132d_from_0x1334_to_0x1374,00010203040506070809,badf00dbadc0ffee,b'',b'',-11,False
VerifyPIN/VerifyPIN_7_HB+FTL+INL+DPTC+DT+SC/bin/verifypin_7,je_at_0x132d_from_0x1334_to_0x1314,00010203040506070809,badf00dbadc0ffee,b'',b'',-11,False
VerifyPIN/VerifyPIN_7_HB+FTL+INL+DPTC+DT+SC/bin/verifypin_7,je_at_0x132d_from_0x1334_to_0x1324,00010203040506070809,badf00dbadc0ffee,b'',b'',-11,False
VerifyPIN/VerifyPIN_7_HB+FTL+INL+DPTC+DT+SC/bin/verifypin_7,je_at_0x132d_from_0x1334_to_0x133c,00010203040506070809,badf00dbadc0ffee,b'',b'',-4,False
VerifyPIN/VerifyPIN_7_HB+FTL+INL+DPTC+DT+SC/bin/verifypin_7,je_at_0x132d_from_0x1334_to_0x1330,00010203040506070809,badf00dbadc0ffee,b'',b'',-4,False
VerifyPIN/VerifyPIN_7_HB+FTL+INL+DPTC+DT+SC/bin/verifypin_7,je_at_0x132d_from_0x1334_to_0x1336,00010203040506070809,badf00dbadc0ffee,b'',b'',-11,False
VerifyPIN/VerifyPIN_7_HB+FTL+INL+DPTC+DT+SC/bin/verifypin_7,je_at_0x132d_from_0x1334_to_0x1335,00010203040506070809,badf00dbadc0ffee,b'',b'',-4,False
VerifyPIN/VerifyPIN_7_HB+FTL+INL+DPTC+DT+SC/bin/verifypin_7,je_at_0x1338_from_0x133f_to_0x137f,00010203040506070809,badf00dbadc0ffee,b'',b'',-11,False
VerifyPIN/VerifyPIN_7_HB+FTL+INL+DPTC+DT+SC/bin/verifypin_7,je_at_0x1338_from_0x133f_to_0x131f,00010203040506070809,badf00dbadc0ffee,b'',b'',-11,False
VerifyPIN/VerifyPIN_7_HB+FTL+INL+DPTC+DT+SC/bin/verifypin_7,je_at_0x1338_from_0x133f_to_0x132f,00010203040506070809,badf00dbadc0ffee,b'',b'',-9,True
VerifyPIN/VerifyPIN_7_HB+FTL+INL+DPTC+DT+SC/bin/verifypin_7,je_at_0x1338_from_0x133f_to_0x1337,00010203040506070809,badf00dbadc0ffee,"b'[@] g_countermeasure = 1, g_authenticated = 0, g_ptc = 2\n'",b'',0,False
VerifyPIN/VerifyPIN_7_HB+FTL+INL+DPTC+DT+SC/bin/verifypin_7,je_at_0x1338_from_0x133f_to_0x133b,00010203040506070809,badf00dbadc0ffee,b'',b'',-4,False
VerifyPIN/VerifyPIN_7_HB+FTL+INL+DPTC+DT+SC/bin/verifypin_7,je_at_0x1338_from_0x133f_to_0x133d,00010203040506070809,badf00dbadc0ffee,b'',b'',-4,False
VerifyPIN/VerifyPIN_7_HB+FTL+INL+DPTC+DT+SC/bin/verifypin_7,je_at_0x1338_from_0x133f_to_0x133e,00010203040506070809,badf00dbadc0ffee,b'',b'',-11,False
VerifyPIN/VerifyPIN_7_HB+FTL+INL+DPTC+DT+SC/bin/verifypin_7,jne_at_0x1346_from_0x1362_to_0x1322,00010203040506070809,badf00dbadc0ffee,b'',b'',-9,True
VerifyPIN/VerifyPIN_7_HB+FTL+INL+DPTC+DT+SC/bin/verifypin_7,jne_at_0x1346_from_0x1362_to_0x1342,00010203040506070809,badf00dbadc0ffee,b'',b'',-9,True
VerifyPIN/VerifyPIN_7_HB+FTL+INL+DPTC+DT+SC/bin/verifypin_7,jne_at_0x1346_from_0x1362_to_0x1372,00010203040506070809,badf00dbadc0ffee,b'',b'',-4,False
VerifyPIN/VerifyPIN_7_HB+FTL+INL+DPTC+DT+SC/bin/verifypin_7,jne_at_0x1346_from_0x1362_to_0x136a,00010203040506070809,badf00dbadc0ffee,b'',b'',-11,False
VerifyPIN/VerifyPIN_7_HB+FTL+INL+DPTC+DT+SC/bin/verifypin_7,jne_at_0x1346_from_0x1362_to_0x1366,00010203040506070809,badf00dbadc0ffee,"b'[@] g_countermeasure = 0, g_authenticated = 0, g_ptc = 2\n'",b'',0,False
VerifyPIN/VerifyPIN_7_HB+FTL+INL+DPTC+DT+SC/bin/verifypin_7,jne_at_0x1346_from_0x1362_to_0x1360,00010203040506070809,badf00dbadc0ffee,"b'[@] g_countermeasure = 0, g_authenticated = 0, g_ptc = 2\n'",b'',0,False
VerifyPIN/VerifyPIN_7_HB+FTL+INL+DPTC+DT+SC/bin/verifypin_7,jne_at_0x1346_from_0x1362_to_0x1363,00010203040506070809,badf00dbadc0ffee,b'',b'',-11,False
VerifyPIN/VerifyPIN_7_HB+FTL+INL+DPTC+DT+SC/bin/verifypin_7,jne_at_0x1353_from_0x135b_to_0x131b,00010203040506070809,badf00dbadc0ffee,"b'[@] g_countermeasure = 0, g_authenticated = 0, g_ptc = 2\n'",b'',0,False
VerifyPIN/VerifyPIN_7_HB+FTL+INL+DPTC+DT+SC/bin/verifypin_7,jne_at_0x1353_from_0x135b_to_0x137b,00010203040506070809,badf00dbadc0ffee,"b'[@] g_countermeasure = 0, g_authenticated = 0, g_ptc = 2\n'",b'',0,False
VerifyPIN/VerifyPIN_7_HB+FTL+INL+DPTC+DT+SC/bin/verifypin_7,jne_at_0x1353_from_0x135b_to_0x134b,00010203040506070809,badf00dbadc0ffee,"b'[@] g_countermeasure = 0, g_authenticated = 0, g_ptc = 2\n'",b'',0,False
VerifyPIN/VerifyPIN_7_HB+FTL+INL+DPTC+DT+SC/bin/verifypin_7,jne_at_0x1353_from_0x135b_to_0x1353,00010203040506070809,badf00dbadc0ffee,"b'[@] g_countermeasure = 0, g_authenticated = 0, g_ptc = 2\n'",b'',0,False
VerifyPIN/VerifyPIN_7_HB+FTL+INL+DPTC+DT+SC/bin/verifypin_7,jne_at_0x1353_from_0x135b_to_0x135f,00010203040506070809,badf00dbadc0ffee,"b'[@] g_countermeasure = 0, g_authenticated = 0, g_ptc = 2\n'",b'',0,False
VerifyPIN/VerifyPIN_7_HB+FTL+INL+DPTC+DT+SC/bin/verifypin_7,jne_at_0x1353_from_0x135b_to_0x1359,00010203040506070809,badf00dbadc0ffee,"b'[@] g_countermeasure = 0, g_authenticated = 0, g_ptc = 2\n'",b'',0,False
VerifyPIN/VerifyPIN_7_HB+FTL+INL+DPTC+DT+SC/bin/verifypin_7,jne_at_0x1353_from_0x135b_to_0x135a,00010203040506070809,badf00dbadc0ffee,"b'[@] g_countermeasure = 0, g_authenticated = 0, g_ptc = 2\n'",b'',0,False
VerifyPIN/VerifyPIN_7_HB+FTL+INL+DPTC+DT+SC/bin/verifypin_7,jmp_at_0x1359_from_0x1360_to_0x1320,00010203040506070809,badf00dbadc0ffee,"b'[@] g_countermeasure = 0, g_authenticated = 0, g_ptc = 2\n'",b'',0,False
VerifyPIN/VerifyPIN_7_HB+FTL+INL+DPTC+DT+SC/bin/verifypin_7,jmp_at_0x1359_from_0x1360_to_0x1340,00010203040506070809,badf00dbadc0ffee,"b'[@] g_countermeasure = 0, g_authenticated = 0, g_ptc = 2\n'",b'',0,False
VerifyPIN/VerifyPIN_7_HB+FTL+INL+DPTC+DT+SC/bin/verifypin_7,jmp_at_0x1359_from_0x1360_to_0x1370,00010203040506070809,badf00dbadc0ffee,"b'[@] g_countermeasure = 0, g_authenticated = 0, g_ptc = 2\n'",b'',0,False
VerifyPIN/VerifyPIN_7_HB+FTL+INL+DPTC+DT+SC/bin/verifypin_7,jmp_at_0x1359_from_0x1360_to_0x1368,00010203040506070809,badf00dbadc0ffee,"b'[@] g_countermeasure = 0, g_authenticated = 0, g_ptc = 2\n'",b'',0,False
VerifyPIN/VerifyPIN_7_HB+FTL+INL+DPTC+DT+SC/bin/verifypin_7,jmp_at_0x1359_from_0x1360_to_0x1364,00010203040506070809,badf00dbadc0ffee,"b'[@] g_countermeasure = 0, g_authenticated = 0, g_ptc = 2\n'",b'',0,False
VerifyPIN/VerifyPIN_7_HB+FTL+INL+DPTC+DT+SC/bin/verifypin_7,jmp_at_0x1359_from_0x1360_to_0x1362,00010203040506070809,badf00dbadc0ffee,"b'[@] g_countermeasure = 0, g_authenticated = 0, g_ptc = 2\n'",b'',0,False
VerifyPIN/VerifyPIN_7_HB+FTL+INL+DPTC+DT+SC/bin/verifypin_7,jmp_at_0x1359_from_0x1360_to_0x1361,00010203040506070809,badf00dbadc0ffee,"b'[@] g_countermeasure = 0, g_authenticated = 0, g_ptc = 2\n'",b'',0,False
VerifyPIN/VerifyPIN_7_HB+FTL+INL+DPTC+DT+SC/bin/verifypin_7,jmp_at_0x1360_from_0x1366_to_0x1326,00010203040506070809,badf00dbadc0ffee,"b'[@] g_countermeasure = 0, g_authenticated = 0, g_ptc = 2\n'",b'',0,False
VerifyPIN/VerifyPIN_7_HB+FTL+INL+DPTC+DT+SC/bin/verifypin_7,jmp_at_0x1360_from_0x1366_to_0x1346,00010203040506070809,badf00dbadc0ffee,"b'[@] g_countermeasure = 0, g_authenticated = 0, g_ptc = 2\n'",b'',0,False
VerifyPIN/VerifyPIN_7_HB+FTL+INL+DPTC+DT+SC/bin/verifypin_7,jmp_at_0x1360_from_0x1366_to_0x1376,00010203040506070809,badf00dbadc0ffee,"b'[@] g_countermeasure = 0, g_authenticated = 0, g_ptc = 2\n'",b'',0,False
VerifyPIN/VerifyPIN_7_HB+FTL+INL+DPTC+DT+SC/bin/verifypin_7,jmp_at_0x1360_from_0x1366_to_0x136e,00010203040506070809,badf00dbadc0ffee,"b'[@] g_countermeasure = 0, g_authenticated = 0, g_ptc = 2\n'",b'',0,False
VerifyPIN/VerifyPIN_7_HB+FTL+INL+DPTC+DT+SC/bin/verifypin_7,jmp_at_0x1360_from_0x1366_to_0x1362,00010203040506070809,badf00dbadc0ffee,"b'[@] g_countermeasure = 0, g_authenticated = 0, g_ptc = 2\n'",b'',0,False
VerifyPIN/VerifyPIN_7_HB+FTL+INL+DPTC+DT+SC/bin/verifypin_7,jmp_at_0x1360_from_0x1366_to_0x1364,00010203040506070809,badf00dbadc0ffee,"b'[@] g_countermeasure = 0, g_authenticated = 0, g_ptc = 2\n'",b'',0,False
VerifyPIN/VerifyPIN_7_HB+FTL+INL+DPTC+DT+SC/bin/verifypin_7,jmp_at_0x1360_from_0x1366_to_0x1367,00010203040506070809,badf00dbadc0ffee,"b'[@] g_countermeasure = 0, g_authenticated = 0, g_ptc = 2\n'",b'',0,False
VerifyPIN/VerifyPIN_7_HB+FTL+INL+DPTC+DT+SC/bin/verifypin_7,je_at_0x1373_from_0x137a_to_0x133a,00010203040506070809,badf00dbadc0ffee,"b'[@] g_countermeasure = 1, g_authenticated = 0, g_ptc = 2\n'",b'',0,False
VerifyPIN/VerifyPIN_7_HB+FTL+INL+DPTC+DT+SC/bin/verifypin_7,je_at_0x1373_from_0x137a_to_0x135a,00010203040506070809,badf00dbadc0ffee,b'',b'',-4,False
VerifyPIN/VerifyPIN_7_HB+FTL+INL+DPTC+DT+SC/bin/verifypin_7,je_at_0x1373_from_0x137a_to_0x136a,00010203040506070809,badf00dbadc0ffee,b'',b'',-11,False
VerifyPIN/VerifyPIN_7_HB+FTL+INL+DPTC+DT+SC/bin/verifypin_7,je_at_0x1373_from_0x137a_to_0x1372,00010203040506070809,badf00dbadc0ffee,b'',b'',-4,False
VerifyPIN/VerifyPIN_7_HB+FTL+INL+DPTC+DT+SC/bin/verifypin_7,je_at_0x1373_from_0x137a_to_0x137e,00010203040506070809,badf00dbadc0ffee,"b'[@] g_countermeasure = 0, g_authenticated = 0, g_ptc = 2\n'",b'',0,False
VerifyPIN/VerifyPIN_7_HB+FTL+INL+DPTC+DT+SC/bin/verifypin_7,je_at_0x1373_from_0x137a_to_0x1378,00010203040506070809,badf00dbadc0ffee,b'',b'',-4,False
VerifyPIN/VerifyPIN_7_HB+FTL+INL+DPTC+DT+SC/bin/verifypin_7,je_at_0x1373_from_0x137a_to_0x137b,00010203040506070809,badf00dbadc0ffee,"b'[@] g_countermeasure = 0, g_authenticated = 0, g_ptc = 2\n'",b'',0,False
VerifyPIN/VerifyPIN_7_HB+FTL+INL+DPTC+DT+SC/bin/verifypin_7,jne_at_0x1383_from_0x13ef_to_0x136f,00010203040506070809,badf00dbadc0ffee,b'',b'',-9,True
VerifyPIN/VerifyPIN_7_HB+FTL+INL+DPTC+DT+SC/bin/verifypin_7,jne_at_0x1383_from_0x13ef_to_0x13af,00010203040506070809,badf00dbadc0ffee,"b'[@] g_countermeasure = 1, g_authenticated = 0, g_ptc = 3\n'",b'',0,False
VerifyPIN/VerifyPIN_7_HB+FTL+INL+DPTC+DT+SC/bin/verifypin_7,jne_at_0x1383_from_0x13ef_to_0x13cf,00010203040506070809,badf00dbadc0ffee,b'',b'',-11,False
VerifyPIN/VerifyPIN_7_HB+FTL+INL+DPTC+DT+SC/bin/verifypin_7,jne_at_0x1383_from_0x13ef_to_0x13ff,00010203040506070809,badf00dbadc0ffee,b'',b'',-11,False
VerifyPIN/VerifyPIN_7_HB+FTL+INL+DPTC+DT+SC/bin/verifypin_7,jne_at_0x1383_from_0x13ef_to_0x13e7,00010203040506070809,badf00dbadc0ffee,b'',b'',-4,False
VerifyPIN/VerifyPIN_7_HB+FTL+INL+DPTC+DT+SC/bin/verifypin_7,jne_at_0x1383_from_0x13ef_to_0x13eb,00010203040506070809,badf00dbadc0ffee,b'',b'',-4,False
VerifyPIN/VerifyPIN_7_HB+FTL+INL+DPTC+DT+SC/bin/verifypin_7,jne_at_0x1383_from_0x13ef_to_0x13ed,00010203040506070809,badf00dbadc0ffee,"b'[@] g_countermeasure = 0, g_authenticated = 0, g_ptc = 2\n'",b'',0,False
VerifyPIN/VerifyPIN_7_HB+FTL+INL+DPTC+DT+SC/bin/verifypin_7,jne_at_0x1383_from_0x13ef_to_0x13ee,00010203040506070809,badf00dbadc0ffee,b'',b'',-11,False
VerifyPIN/VerifyPIN_7_HB+FTL+INL+DPTC+DT+SC/bin/verifypin_7,je_at_0x1392_from_0x1399_to_0x1319,00010203040506070809,badf00dbadc0ffee,"b'[@] g_countermeasure = 0, g_authenticated = 0, g_ptc = 2\n'",b'',0,False
VerifyPIN/VerifyPIN_7_HB+FTL+INL+DPTC+DT+SC/bin/verifypin_7,je_at_0x1392_from_0x1399_to_0x13d9,00010203040506070809,badf00dbadc0ffee,"b'[@] g_countermeasure = 0, g_authenticated = 0, g_ptc = 2\n'",b'',0,False
VerifyPIN/VerifyPIN_7_HB+FTL+INL+DPTC+DT+SC/bin/verifypin_7,je_at_0x1392_from_0x1399_to_0x13b9,00010203040506070809,badf00dbadc0ffee,"b'[@] g_countermeasure = 0, g_authenticated = 0, g_ptc = 2\n'",b'',0,False
VerifyPIN/VerifyPIN_7_HB+FTL+INL+DPTC+DT+SC/bin/verifypin_7,je_at_0x1392_from_0x1399_to_0x1389,00010203040506070809,badf00dbadc0ffee,"b'[@] g_countermeasure = 0, g_authenticated = 0, g_ptc = 2\n'",b'',0,False
VerifyPIN/VerifyPIN_7_HB+FTL+INL+DPTC+DT+SC/bin/verifypin_7,je_at_0x1392_from_0x1399_to_0x1391,00010203040506070809,badf00dbadc0ffee,"b'[@] g_countermeasure = 0, g_authenticated = 0, g_ptc = 2\n'",b'',0,False
VerifyPIN/VerifyPIN_7_HB+FTL+INL+DPTC+DT+SC/bin/verifypin_7,je_at_0x1392_from_0x1399_to_0x139d,00010203040506070809,badf00dbadc0ffee,"b'[@] g_countermeasure = 0, g_authenticated = 0, g_ptc = 2\n'",b'',0,False
VerifyPIN/VerifyPIN_7_HB+FTL+INL+DPTC+DT+SC/bin/verifypin_7,je_at_0x1392_from_0x1399_to_0x139b,00010203040506070809,badf00dbadc0ffee,"b'[@] g_countermeasure = 0, g_authenticated = 0, g_ptc = 2\n'",b'',0,False
VerifyPIN/VerifyPIN_7_HB+FTL+INL+DPTC+DT+SC/bin/verifypin_7,je_at_0x1392_from_0x1399_to_0x1398,00010203040506070809,badf00dbadc0ffee,"b'[@] g_countermeasure = 0, g_authenticated = 0, g_ptc = 2\n'",b'',0,False
VerifyPIN/VerifyPIN_7_HB+FTL+INL+DPTC+DT+SC/bin/verifypin_7,jne_at_0x13a4_from_0x13e8_to_0x1368,00010203040506070809,badf00dbadc0ffee,"b'[@] g_countermeasure = 0, g_authenticated = 0, g_ptc = 2\n'",b'',0,False
VerifyPIN/VerifyPIN_7_HB+FTL+INL+DPTC+DT+SC/bin/verifypin_7,jne_at_0x13a4_from_0x13e8_to_0x13a8,00010203040506070809,badf00dbadc0ffee,"b'[@] g_countermeasure = 0, g_authenticated = 0, g_ptc = 2\n'",b'',0,False
VerifyPIN/VerifyPIN_7_HB+FTL+INL+DPTC+DT+SC/bin/verifypin_7,jne_at_0x13a4_from_0x13e8_to_0x13c8,00010203040506070809,badf00dbadc0ffee,"b'[@] g_countermeasure = 0, g_authenticated = 0, g_ptc = 2\n'",b'',0,False
VerifyPIN/VerifyPIN_7_HB+FTL+INL+DPTC+DT+SC/bin/verifypin_7,jne_at_0x13a4_from_0x13e8_to_0x13f8,00010203040506070809,badf00dbadc0ffee,"b'[@] g_countermeasure = 0, g_authenticated = 0, g_ptc = 2\n'",b'',0,False
VerifyPIN/VerifyPIN_7_HB+FTL+INL+DPTC+DT+SC/bin/verifypin_7,jne_at_0x13a4_from_0x13e8_to_0x13e0,00010203040506070809,badf00dbadc0ffee,"b'[@] g_countermeasure = 0, g_authenticated = 0, g_ptc = 2\n'",b'',0,False
VerifyPIN/VerifyPIN_7_HB+FTL+INL+DPTC+DT+SC/bin/verifypin_7,jne_at_0x13a4_from_0x13e8_to_0x13ec,00010203040506070809,badf00dbadc0ffee,"b'[@] g_countermeasure = 0, g_authenticated = 0, g_ptc = 2\n'",b'',0,False
VerifyPIN/VerifyPIN_7_HB+FTL+INL+DPTC+DT+SC/bin/verifypin_7,jne_at_0x13a4_from_0x13e8_to_0x13ea,00010203040506070809,badf00dbadc0ffee,"b'[@] g_countermeasure = 0, g_authenticated = 0, g_ptc = 2\n'",b'',0,False
VerifyPIN/VerifyPIN_7_HB+FTL+INL+DPTC+DT+SC/bin/verifypin_7,jne_at_0x13a4_from_0x13e8_to_0x13e9,00010203040506070809,badf00dbadc0ffee,"b'[@] g_countermeasure = 0, g_authenticated = 0, g_ptc = 2\n'",b'',0,False
VerifyPIN/VerifyPIN_7_HB+FTL+INL+DPTC+DT+SC/bin/verifypin_7,je_at_0x13b3_from_0x13ba_to_0x133a,00010203040506070809,badf00dbadc0ffee,"b'[@] g_countermeasure = 0, g_authenticated = 0, g_ptc = 2\n'",b'',0,False
VerifyPIN/VerifyPIN_7_HB+FTL+INL+DPTC+DT+SC/bin/verifypin_7,je_at_0x13b3_from_0x13ba_to_0x13fa,00010203040506070809,badf00dbadc0ffee,"b'[@] g_countermeasure = 0, g_authenticated = 0, g_ptc = 2\n'",b'',0,False
VerifyPIN/VerifyPIN_7_HB+FTL+INL+DPTC+DT+SC/bin/verifypin_7,je_at_0x13b3_from_0x13ba_to_0x139a,00010203040506070809,badf00dbadc0ffee,"b'[@] g_countermeasure = 0, g_authenticated = 0, g_ptc = 2\n'",b'',0,False
VerifyPIN/VerifyPIN_7_HB+FTL+INL+DPTC+DT+SC/bin/verifypin_7,je_at_0x13b3_from_0x13ba_to_0x13aa,00010203040506070809,badf00dbadc0ffee,"b'[@] g_countermeasure = 0, g_authenticated = 0, g_ptc = 2\n'",b'',0,False
VerifyPIN/VerifyPIN_7_HB+FTL+INL+DPTC+DT+SC/bin/verifypin_7,je_at_0x13b3_from_0x13ba_to_0x13b2,00010203040506070809,badf00dbadc0ffee,"b'[@] g_countermeasure = 0, g_authenticated = 0, g_ptc = 2\n'",b'',0,False
VerifyPIN/VerifyPIN_7_HB+FTL+INL+DPTC+DT+SC/bin/verifypin_7,je_at_0x13b3_from_0x13ba_to_0x13be,00010203040506070809,badf00dbadc0ffee,"b'[@] g_countermeasure = 0, g_authenticated = 0, g_ptc = 2\n'",b'',0,False
VerifyPIN/VerifyPIN_7_HB+FTL+INL+DPTC+DT+SC/bin/verifypin_7,je_at_0x13b3_from_0x13ba_to_0x13b8,00010203040506070809,badf00dbadc0ffee,"b'[@] g_countermeasure = 0, g_authenticated = 0, g_ptc = 2\n'",b'',0,False
VerifyPIN/VerifyPIN_7_HB+FTL+INL+DPTC+DT+SC/bin/verifypin_7,je_at_0x13b3_from_0x13ba_to_0x13bb,00010203040506070809,badf00dbadc0ffee,"b'[@] g_countermeasure = 0, g_authenticated = 0, g_ptc = 2\n'",b'',0,False
VerifyPIN/VerifyPIN_7_HB+FTL+INL+DPTC+DT+SC/bin/verifypin_7,je_at_0x13d1_from_0x13d8_to_0x1358,00010203040506070809,badf00dbadc0ffee,"b'[@] g_countermeasure = 0, g_authenticated = 0, g_ptc = 2\n'",b'',0,False
VerifyPIN/VerifyPIN_7_HB+FTL+INL+DPTC+DT+SC/bin/verifypin_7,je_at_0x13d1_from_0x13d8_to_0x1398,00010203040506070809,badf00dbadc0ffee,"b'[@] g_countermeasure = 0, g_authenticated = 0, g_ptc = 2\n'",b'',0,False
VerifyPIN/VerifyPIN_7_HB+FTL+INL+DPTC+DT+SC/bin/verifypin_7,je_at_0x13d1_from_0x13d8_to_0x13f8,00010203040506070809,badf00dbadc0ffee,"b'[@] g_countermeasure = 0, g_authenticated = 0, g_ptc = 2\n'",b'',0,False
VerifyPIN/VerifyPIN_7_HB+FTL+INL+DPTC+DT+SC/bin/verifypin_7,je_at_0x13d1_from_0x13d8_to_0x13c8,00010203040506070809,badf00dbadc0ffee,"b'[@] g_countermeasure = 0, g_authenticated = 0, g_ptc = 2\n'",b'',0,False
VerifyPIN/VerifyPIN_7_HB+FTL+INL+DPTC+DT+SC/bin/verifypin_7,je_at_0x13d1_from_0x13d8_to_0x13d0,00010203040506070809,badf00dbadc0ffee,"b'[@] g_countermeasure = 0, g_authenticated = 0, g_ptc = 2\n'",b'',0,False
VerifyPIN/VerifyPIN_7_HB+FTL+INL+DPTC+DT+SC/bin/verifypin_7,je_at_0x13d1_from_0x13d8_to_0x13dc,00010203040506070809,badf00dbadc0ffee,"b'[@] g_countermeasure = 0, g_authenticated = 0, g_ptc = 2\n'",b'',0,False
VerifyPIN/VerifyPIN_7_HB+FTL+INL+DPTC+DT+SC/bin/verifypin_7,je_at_0x13d1_from_0x13d8_to_0x13da,00010203040506070809,badf00dbadc0ffee,"b'[@] g_countermeasure = 0, g_authenticated = 0, g_ptc = 2\n'",b'',0,False
VerifyPIN/VerifyPIN_7_HB+FTL+INL+DPTC+DT+SC/bin/verifypin_7,je_at_0x13d1_from_0x13d8_to_0x13d9,00010203040506070809,badf00dbadc0ffee,"b'[@] g_countermeasure = 0, g_authenticated = 0, g_ptc = 2\n'",b'',0,False
VerifyPIN/VerifyPIN_7_HB+FTL+INL+DPTC+DT+SC/bin/verifypin_7,jmp_at_0x13e6_from_0x13f5_to_0x1375,00010203040506070809,badf00dbadc0ffee,"b'[@] g_countermeasure = 0, g_authenticated = 0, g_ptc = 2\n'",b'',0,False
VerifyPIN/VerifyPIN_7_HB+FTL+INL+DPTC+DT+SC/bin/verifypin_7,jmp_at_0x13e6_from_0x13f5_to_0x13b5,00010203040506070809,badf00dbadc0ffee,"b'[@] g_countermeasure = 0, g_authenticated = 0, g_ptc = 2\n'",b'',0,False
VerifyPIN/VerifyPIN_7_HB+FTL+INL+DPTC+DT+SC/bin/verifypin_7,jmp_at_0x13e6_from_0x13f5_to_0x13d5,00010203040506070809,badf00dbadc0ffee,"b'[@] g_countermeasure = 0, g_authenticated = 0, g_ptc = 2\n'",b'',0,False
VerifyPIN/VerifyPIN_7_HB+FTL+INL+DPTC+DT+SC/bin/verifypin_7,jmp_at_0x13e6_from_0x13f5_to_0x13e5,00010203040506070809,badf00dbadc0ffee,"b'[@] g_countermeasure = 0, g_authenticated = 0, g_ptc = 2\n'",b'',0,False
VerifyPIN/VerifyPIN_7_HB+FTL+INL+DPTC+DT+SC/bin/verifypin_7,jmp_at_0x13e6_from_0x13f5_to_0x13fd,00010203040506070809,badf00dbadc0ffee,"b'[@] g_countermeasure = 0, g_authenticated = 0, g_ptc = 2\n'",b'',0,False
VerifyPIN/VerifyPIN_7_HB+FTL+INL+DPTC+DT+SC/bin/verifypin_7,jmp_at_0x13e6_from_0x13f5_to_0x13f1,00010203040506070809,badf00dbadc0ffee,"b'[@] g_countermeasure = 0, g_authenticated = 0, g_ptc = 2\n'",b'',0,False
VerifyPIN/VerifyPIN_7_HB+FTL+INL+DPTC+DT+SC/bin/verifypin_7,jmp_at_0x13e6_from_0x13f5_to_0x13f7,00010203040506070809,badf00dbadc0ffee,"b'[@] g_countermeasure = 0, g_authenticated = 0, g_ptc = 2\n'",b'',0,False
VerifyPIN/VerifyPIN_7_HB+FTL+INL+DPTC+DT+SC/bin/verifypin_7,jmp_at_0x13e6_from_0x13f5_to_0x13f4,00010203040506070809,badf00dbadc0ffee,"b'[@] g_countermeasure = 0, g_authenticated = 0, g_ptc = 2\n'",b'',0,False
VerifyPIN/VerifyPIN_7_HB+FTL+INL+DPTC+DT+SC/bin/verifypin_7,jmp_at_0x13ed_from_0x13ef_to_0x136f,00010203040506070809,badf00dbadc0ffee,"b'[@] g_countermeasure = 0, g_authenticated = 0, g_ptc = 2\n'",b'',0,False
VerifyPIN/VerifyPIN_7_HB+FTL+INL+DPTC+DT+SC/bin/verifypin_7,jmp_at_0x13ed_from_0x13ef_to_0x13af,00010203040506070809,badf00dbadc0ffee,"b'[@] g_countermeasure = 0, g_authenticated = 0, g_ptc = 2\n'",b'',0,False
VerifyPIN/VerifyPIN_7_HB+FTL+INL+DPTC+DT+SC/bin/verifypin_7,jmp_at_0x13ed_from_0x13ef_to_0x13cf,00010203040506070809,badf00dbadc0ffee,"b'[@] g_countermeasure = 0, g_authenticated = 0, g_ptc = 2\n'",b'',0,False
VerifyPIN/VerifyPIN_7_HB+FTL+INL+DPTC+DT+SC/bin/verifypin_7,jmp_at_0x13ed_from_0x13ef_to_0x13ff,00010203040506070809,badf00dbadc0ffee,"b'[@] g_countermeasure = 0, g_authenticated = 0, g_ptc = 2\n'",b'',0,False
VerifyPIN/VerifyPIN_7_HB+FTL+INL+DPTC+DT+SC/bin/verifypin_7,jmp_at_0x13ed_from_0x13ef_to_0x13e7,00010203040506070809,badf00dbadc0ffee,"b'[@] g_countermeasure = 0, g_authenticated = 0, g_ptc = 2\n'",b'',0,False
VerifyPIN/VerifyPIN_7_HB+FTL+INL+DPTC+DT+SC/bin/verifypin_7,jmp_at_0x13ed_from_0x13ef_to_0x13eb,00010203040506070809,badf00dbadc0ffee,"b'[@] g_countermeasure = 0, g_authenticated = 0, g_ptc = 2\n'",b'',0,False
VerifyPIN/VerifyPIN_7_HB+FTL+INL+DPTC+DT+SC/bin/verifypin_7,jmp_at_0x13ed_from_0x13ef_to_0x13ed,00010203040506070809,badf00dbadc0ffee,"b'[@] g_countermeasure = 0, g_authenticated = 0, g_ptc = 2\n'",b'',0,False
VerifyPIN/VerifyPIN_7_HB+FTL+INL+DPTC+DT+SC/bin/verifypin_7,jmp_at_0x13ed_from_0x13ef_to_0x13ee,00010203040506070809,badf00dbadc0ffee,"b'[@] g_countermeasure = 0, g_authenticated = 0, g_ptc = 2\n'",b'',0,False
VerifyPIN/VerifyPIN_7_HB+FTL+INL+DPTC+DT+SC/bin/verifypin_7,jmp_at_0x13ef_from_0x13f1_to_0x1371,00010203040506070809,badf00dbadc0ffee,b'',b'',-4,False
VerifyPIN/VerifyPIN_7_HB+FTL+INL+DPTC+DT+SC/bin/verifypin_7,jmp_at_0x13ef_from_0x13f1_to_0x13b1,00010203040506070809,badf00dbadc0ffee,b'',b'',-4,False
VerifyPIN/VerifyPIN_7_HB+FTL+INL+DPTC+DT+SC/bin/verifypin_7,jmp_at_0x13ef_from_0x13f1_to_0x13d1,00010203040506070809,badf00dbadc0ffee,"b'[@] g_countermeasure = 1, g_authenticated = 0, g_ptc = 2\n'",b'',0,False
VerifyPIN/VerifyPIN_7_HB+FTL+INL+DPTC+DT+SC/bin/verifypin_7,jmp_at_0x13ef_from_0x13f1_to_0x13e1,00010203040506070809,badf00dbadc0ffee,b'',b'',-11,False
VerifyPIN/VerifyPIN_7_HB+FTL+INL+DPTC+DT+SC/bin/verifypin_7,jmp_at_0x13ef_from_0x13f1_to_0x13f9,00010203040506070809,badf00dbadc0ffee,b'',b'',-11,False
VerifyPIN/VerifyPIN_7_HB+FTL+INL+DPTC+DT+SC/bin/verifypin_7,jmp_at_0x13ef_from_0x13f1_to_0x13f5,00010203040506070809,badf00dbadc0ffee,"b'[@] g_countermeasure = 0, g_authenticated = 0, g_ptc = 2\n'",b'',0,False
VerifyPIN/VerifyPIN_7_HB+FTL+INL+DPTC+DT+SC/bin/verifypin_7,jmp_at_0x13ef_from_0x13f1_to_0x13f3,00010203040506070809,badf00dbadc0ffee,b'',b'',-11,False
VerifyPIN/VerifyPIN_7_HB+FTL+INL+DPTC+DT+SC/bin/verifypin_7,jmp_at_0x13ef_from_0x13f1_to_0x13f0,00010203040506070809,badf00dbadc0ffee,b'',b'',-11,False
VerifyPIN/VerifyPIN_7_HB+FTL+INL+DPTC+DT+SC/bin/verifypin_7,flip_je_at_0x1012,00010203040506070809,badf00dbadc0ffee,b'',b'',-11,False
VerifyPIN/VerifyPIN_7_HB+FTL+INL+DPTC+DT+SC/bin/verifypin_7,flip_je_at_0x1081,00010203040506070809,badf00dbadc0ffee,"b'[@] g_countermeasure = 0, g_authenticated = 0, g_ptc = 2\n'",b'',0,False
VerifyPIN/VerifyPIN_7_HB+FTL+INL+DPTC+DT+SC/bin/verifypin_7,flip_je_at_0x108d,00010203040506070809,badf00dbadc0ffee,"b'[@] g_countermeasure = 0, g_authenticated = 0, g_ptc = 2\n'",b'',0,False
VerifyPIN/VerifyPIN_7_HB+FTL+INL+DPTC+DT+SC/bin/verifypin_7,flip_je_at_0x10c2,00010203040506070809,badf00dbadc0ffee,"b'[@] g_countermeasure = 0, g_authenticated = 0, g_ptc = 2\n'",b'',0,False
VerifyPIN/VerifyPIN_7_HB+FTL+INL+DPTC+DT+SC/bin/verifypin_7,flip_je_at_0x10ce,00010203040506070809,badf00dbadc0ffee,"b'[@] g_countermeasure = 0, g_authenticated = 0, g_ptc = 2\n'",b'',0,False
VerifyPIN/VerifyPIN_7_HB+FTL+INL+DPTC+DT+SC/bin/verifypin_7,flip_jne_at_0x10eb,00010203040506070809,badf00dbadc0ffee,"b'[@] g_countermeasure = 0, g_authenticated = 0, g_ptc = 2\n'",b'',0,False
VerifyPIN/VerifyPIN_7_HB+FTL+INL+DPTC+DT+SC/bin/verifypin_7,flip_je_at_0x10f9,00010203040506070809,badf00dbadc0ffee,"b'[@] g_countermeasure = 0, g_authenticated = 0, g_ptc = 2\n'",b'',0,False
VerifyPIN/VerifyPIN_7_HB+FTL+INL+DPTC+DT+SC/bin/verifypin_7,flip_je_at_0x11d6,00010203040506070809,badf00dbadc0ffee,"b'[@] g_countermeasure = 0, g_authenticated = 0, g_ptc = 2\n'",b'',0,False
VerifyPIN/VerifyPIN_7_HB+FTL+INL+DPTC+DT+SC/bin/verifypin_7,flip_je_at_0x1216,00010203040506070809,badf00dbadc0ffee,"b'[@] g_countermeasure = 0, g_authenticated = 0, g_ptc = 2\n'",b'',0,False
VerifyPIN/VerifyPIN_7_HB+FTL+INL+DPTC+DT+SC/bin/verifypin_7,flip_je_at_0x1279,00010203040506070809,badf00dbadc0ffee,"b'[@] g_countermeasure = 1, g_authenticated = 0, g_ptc = 2\n'",b'',0,False
VerifyPIN/VerifyPIN_7_HB+FTL+INL+DPTC+DT+SC/bin/verifypin_7,flip_je_at_0x12a2,00010203040506070809,badf00dbadc0ffee,"b'[@] g_countermeasure = 1, g_authenticated = 0, g_ptc = 2\n'",b'',0,False
VerifyPIN/VerifyPIN_7_HB+FTL+INL+DPTC+DT+SC/bin/verifypin_7,flip_je_at_0x12be,00010203040506070809,badf00dbadc0ffee,"b'[@] g_countermeasure = 1, g_authenticated = 0, g_ptc = 2\n'",b'',0,False
VerifyPIN/VerifyPIN_7_HB+FTL+INL+DPTC+DT+SC/bin/verifypin_7,flip_je_at_0x12f2,00010203040506070809,badf00dbadc0ffee,"b'[@] g_countermeasure = 0, g_authenticated = 1, g_ptc = 3\n'",b'',0,False
VerifyPIN/VerifyPIN_7_HB+FTL+INL+DPTC+DT+SC/bin/verifypin_7,flip_je_at_0x130c,00010203040506070809,badf00dbadc0ffee,"b'[@] g_countermeasure = 1, g_authenticated = 0, g_ptc = 2\n'",b'',0,False
VerifyPIN/VerifyPIN_7_HB+FTL+INL+DPTC+DT+SC/bin/verifypin_7,flip_je_at_0x132d,00010203040506070809,badf00dbadc0ffee,"b'[@] g_countermeasure = 1, g_authenticated = 0, g_ptc = 2\n'",b'',0,False
VerifyPIN/VerifyPIN_7_HB+FTL+INL+DPTC+DT+SC/bin/verifypin_7,flip_je_at_0x1338,00010203040506070809,badf00dbadc0ffee,"b'[@] g_countermeasure = 1, g_authenticated = 0, g_ptc = 2\n'",b'',0,False
VerifyPIN/VerifyPIN_7_HB+FTL+INL+DPTC+DT+SC/bin/verifypin_7,flip_jne_at_0x1346,00010203040506070809,badf00dbadc0ffee,"b'[@] g_countermeasure = 1, g_authenticated = 0, g_ptc = 2\n'",b'',0,False
VerifyPIN/VerifyPIN_7_HB+FTL+INL+DPTC+DT+SC/bin/verifypin_7,flip_jne_at_0x1353,00010203040506070809,badf00dbadc0ffee,"b'[@] g_countermeasure = 0, g_authenticated = 0, g_ptc = 2\n'",b'',0,False
VerifyPIN/VerifyPIN_7_HB+FTL+INL+DPTC+DT+SC/bin/verifypin_7,flip_je_at_0x1373,00010203040506070809,badf00dbadc0ffee,"b'[@] g_countermeasure = 1, g_authenticated = 0, g_ptc = 2\n'",b'',0,False
VerifyPIN/VerifyPIN_7_HB+FTL+INL+DPTC+DT+SC/bin/verifypin_7,flip_jne_at_0x1383,00010203040506070809,badf00dbadc0ffee,"b'[@] g_countermeasure = 1, g_authenticated = 0, g_ptc = 2\n'",b'',0,False
VerifyPIN/VerifyPIN_7_HB+FTL+INL+DPTC+DT+SC/bin/verifypin_7,flip_je_at_0x1392,00010203040506070809,badf00dbadc0ffee,"b'[@] g_countermeasure = 0, g_authenticated = 0, g_ptc = 2\n'",b'',0,False
VerifyPIN/VerifyPIN_7_HB+FTL+INL+DPTC+DT+SC/bin/verifypin_7,flip_jne_at_0x13a4,00010203040506070809,badf00dbadc0ffee,"b'[@] g_countermeasure = 0, g_authenticated = 0, g_ptc = 2\n'",b'',0,False
VerifyPIN/VerifyPIN_7_HB+FTL+INL+DPTC+DT+SC/bin/verifypin_7,flip_je_at_0x13b3,00010203040506070809,badf00dbadc0ffee,"b'[@] g_countermeasure = 0, g_authenticated = 0, g_ptc = 2\n'",b'',0,False
VerifyPIN/VerifyPIN_7_HB+FTL+INL+DPTC+DT+SC/bin/verifypin_7,flip_je_at_0x13d1,00010203040506070809,badf00dbadc0ffee,"b'[@] g_countermeasure = 0, g_authenticated = 0, g_ptc = 2\n'",b'',0,False
VerifyPIN/VerifyPIN_7_HB+FTL+INL+DPTC+DT+SC/bin/verifypin_7,je_at_0x1012_from_0x1016_to_0x1056,00010203040506070809,deadbeafbabec0de,b'',b'',-11,False
